id;login;password;user_name;activated;email;organization_id;tenant_id
1;RSS;Generic;Industrial Honduras;false;Carolanne.Kozey84@yahoo.com;1;1
2;Table intuitive;neutral Ohio;Facilitator neutral Kip;false;Carlos_Gutkowski82@gmail.com;2;2
3;Faroe Islands Tonga;paradigms alarm;PNG connect Land;true;Roslyn_Kozey@yahoo.com;3;3
4;Idaho systems;Central payment;revolutionize lavender;true;Omer_Kozey74@gmail.com;4;4
5;value-added;Games Sleek New Leu;program quantify;true;Lowell.Nikolaus@hotmail.com;5;5
6;process improvement Identity feed;system engine magenta metrics;Generic;false;Sammy_Herzog@hotmail.com;6;6
7;Hungary Checking Account Engineer;Concrete Car;Frozen infomediaries;false;Ricardo_Tromp@gmail.com;7;7
8;attitude-oriented;RAM Borders PCI;Interactions;false;Garth.McLaughlin@gmail.com;8;8
9;Berkshire;knowledge base JBOD;Operative;true;Elwyn_Heller@hotmail.com;9;9
10;Cheese;e-tailers;Netherlands Antillian Guilder transform Representative;false;Natalia.Zemlak@hotmail.com;10;10
